N,Time_ms,time_std
10,0.119142,0.007239759527570628
100,0.117489,0.006930068602664779
1000,0.118636,0.007294246870058877
10000,0.120994,0.003255754280675317
100000,0.135799,0.7849699800678537
1000000,0.390178,0.49604645404304515
10000000,2.3762805,0.054181783726284745
