N,Time_ms,time_std
10,0.083213,0.002220807220005789
100,0.083152,0.013654019152537113
1000,0.084468,0.0019210983907977806
10000,0.087118,0.002023543117350243
100000,0.102645,0.0069529817893786905
1000000,0.328732,0.2888556147123654
10000000,2.2047405,0.0700285711597027
