N,Time_ms,time_std
10,0.0849005979,0.0026273611987890967
100,0.0901041795,0.7127109336843492
1000,0.0832437288,0.0013090999109725166
10000,0.0872038155,0.007185646041015549
100000,0.11391490339999999,1.2241125602079148
1000000,0.3396622328000001,0.7644100208954878
10000000,2.2267375593,1.0553361367009828
