N,Time_ms,time_std
10,0.082814000315208,0.0020333046319856267
100,0.082865000078437,0.0022391468291222518
1000,0.083569000082875,0.0029123672208829082
10000,0.08655550007981799,0.007316322619570884
100000,0.102247500096737,0.10092006569352487
1000000,0.33108500015799996,0.3771116099639849
10000000,2.267453500197127,0.09700919504279949
