N,Time_ms,time_std
10,0.119652000003754,0.011650305592224458
100,0.11775650000437901,0.007027282147269036
1000,0.119663000003444,0.020815999969984168
10000,0.12236800000364599,0.01237706562055353
100000,0.13789050000446101,0.7796691577701264
1000000,0.45916900001022304,0.48767897457208653
10000000,2.606676000007446,0.12928097795441099
