N,Time_ms,time_std
10,0.1352519244,1.732305338045021
100,0.1334619749,1.3350387547008469
1000,0.1212307665,0.012656700307743948
10000,0.12255660110000002,0.007230765834269134
100000,0.1650916593,2.2583160844160215
1000000,0.44396828129999993,2.8294543075894762
10000000,2.4394235474000006,3.03172521788412
