N,Time_ms,time_std
10,0.1254322132,0.008960861356709588
100,0.1260977341,0.004154253875429779
1000,0.12808348290000002,0.01475846282109325
10000,0.12992259940000003,0.0075159795799499265
100000,0.1930103698,5.392286298024683
1000000,0.45303244509999996,3.146388526141855
10000000,2.4413130144,2.6797811123878024
