N,Time_ms,time_std
10,0.08588186810000001,0.02805126650394149
100,0.08667459300000001,0.005572141773281182
1000,0.08679734180000001,0.004089799121993473
10000,0.09043558880000001,0.0025885154670093925
100000,0.10566725460000002,0.01355442854775163
1000000,0.39508940680000004,3.799454741190943
10000000,2.2423256054,2.573009829564594
