N,Time_ms,Allocs,Memory_MiB
100,28.665743,94693,2.7316818237304688
1000,68.106159,226784,6.677742004394531
10000,120.464533,405825,12.990310668945312
100000,185.838464,610102,28.258255004882812
1000000,307.247218,919867,136.97666931152344
10000000,1387.708955,1416806,1133.8339462280273
20000000,2263.437664,1426499,2196.9738235473633
30000000,2938.2917775,1512252,3164.2335205078125
40000000,3401.238979,1404118,4205.504425048828
