N,Time_ms,Allocs,Memory_MiB
100,0.28749600096489303,0,0.0
1000,0.5972430008114316,0,0.0
10000,2.8226950016687624,0,0.0
100000,22.501373998238705,0,0.0
1000000,225.74845100098173,0,0.0
10000000,2394.7911110008135,0,0.0
