N,Time_ms,Allocs,Memory_MiB
100,0.2914540000347188,0,0.0
1000,0.6475099999079248,0,0.0
10000,2.6699690006353194,0,0.0
100000,22.65278500090062,0,0.0
1000000,258.11740400058625,0,0.0
