N,Time_ms,Allocs,Memory_MiB,Time_std
10,13.247167,39250,1.3369216918945312,0.31862413583358684
100,112.669517,357138,13.43450927734375,0.7235888608120636
1000,741.988041,2354606,87.9338150024414,21.076284764691415
10000,1991.023904,6373170,237.3612823486328,307.152872083862
100000,4933.7500455,15194006,557.1922149658203,323.2105158382096
1000000,9559.94518,29218332,1061.3456420898438,NaN
