N,Time_ms,Allocs,Memory_MiB,Time_std
10,0.25635072961449623,0,0.0,0.11665432779647746
100,0.6591640412807465,0,0.0,0.02664486246124141
1000,2.6138280518352985,0,0.0,0.15459599309397556
10000,11.694107670336962,0,0.0,0.18576973324941787
100000,55.56298419833183,0,0.0,0.38957633264848435
1000000,582.3262492194772,0,0.0,5.570898938736833
