N,Time_ms,Allocs,Memory_MiB,Time_std
10,0.18046796321868896,0,0.0,0.10473442926967284
100,0.5915858782827854,0,0.0,0.032800336154748096
1000,2.2129088174551725,0,0.0,0.03670903324939303
10000,9.389240993186831,0,0.0,0.12138366902033493
100000,54.154840065166354,0,0.0,0.8070734386224112
1000000,438.0876808427274,0,0.0,3.3357760165740014
5000000,2927.9287150129676,0,0.0,13.720942596335501
5500000,3532.428527949378,0,0.0,25.858834418473837
