N,Time_ms,Allocs,Memory_MiB,Time_std
10,5.138701,18326,0.7438278198242188,0.31722237822748256
100,16.07166,89648,5.9176483154296875,0.29703744662197057
1000,60.059147,471019,35.837425231933594,1.8323925184445335
10000,131.349899,1198109,95.73274230957031,21.61085724856239
100000,315.399361,2690361,217.46083068847656,25.943311939030536
1000000,603.894449,4932272,406.7744598388672,15.3211154459424
