N,Time_ms,Allocs,Memory_MiB,Time_std
10,4.913617,15608,0.4445343017578125,0.2819176029241523
100,14.440207,61761,2.436248779296875,0.2826943754578432
1000,63.644466,373058,19.386856079101562,0.2787721980381114
10000,524.518843,3233816,181.8217544555664,47.20031581380632
100000,6902.956995,31891406,1824.6255111694336,NaN
1000000,193936.528214,318988550,18609.995613098145,NaN
