N,Time_ms,Allocs,Memory_MiB,Time_std
10,4.131429,13677,0.5339584350585938,0.32017820368319894
100,18.22293,101215,6.656982421875,0.32516532468838066
1000,53.937451,402951,30.524559020996094,0.5405650867097319
10000,150.692483,1243933,99.23149871826172,7.01901255379824
100000,316.491853,2701323,218.22396850585938,26.155001796067005
1000000,545.738662,4602006,380.1037902832031,21.544441709873347
5000000,962.75515,6807772,589.3423614501953,25.330161811684018
5500000,1048.445106,7524310,649.9092864990234,11.373307605860367
