N,Time_ms,Allocs,Memory_MiB,Time_std
10,5.269649,18601,0.7801437377929688,0.33147911395093954
100,16.865387,92874,6.323150634765625,0.32740991615053444
1000,64.887654,489083,38.11827850341797,1.5855117281758595
10000,154.766902,1245063,101.630615234375,11.598157838325482
100000,337.593524,2788852,229.82379150390625,14.307036259851253
1000000,632.267152,5109423,428.8038787841797,9.351965670908859
