N,Time_ms,Allocs,Memory_MiB,Time_std
10,0.28304383158683777,0,0.0,0.1276894020652384
100,0.5110097117722034,0,0.0,0.02698755894796428
1000,2.7907700277864933,0,0.0,0.25375583112583605
10000,32.812765799462795,0,0.0,0.8232686402040166
100000,670.13237811625,0,0.0,21.309541888416206
1000000,7457.390756811947,0,0.0,386.3432139296876
10000000,128972.33373625204,0,0.0,1424.5845604262067
